<?xml version="1.0" encoding="UTF-8"?>
<vcs-roots modification-check-interval="60" quiet-period="60">
  <vcs-root id="1" name="BootcampMVC" type="svn" modification-check-interval="30">
    <scope level="global" />
    <param name="externals-mode" value="externals-none" />
    <param name="labelingMessage" value="Labeled automatically by TeamCity" />
    <param name="labelingPatterns" value="trunk=&gt;tags" />
    <param name="svn-config-directory" value="C:\Windows\system32\config\systemprofile\AppData\Roaming\Subversion" />
    <param name="svn-use-default-config-directory" value="true" />
    <param name="url" value="https://buildserver/svn/Bootcamp/MVC/trunk" />
    <param name="user" value="TeamCity" />
    <param name="working-copy-format" value="1.6" />
  </vcs-root>
  <vcs-root id="2" name="Bootcamp WPF" type="svn">
    <scope level="global" />
    <param name="externals-mode" value="externals-none" />
    <param name="labelingMessage" value="Labeled automatically by TeamCity" />
    <param name="labelingPatterns" value="trunk=&gt;tags" />
    <param name="svn-config-directory" value="C:\Windows\system32\config\systemprofile\AppData\Roaming\Subversion" />
    <param name="svn-use-default-config-directory" value="true" />
    <param name="url" value="https://buildserver/svn/Bootcamp/WPF/trunk" />
    <param name="user" value="TeamCity" />
    <param name="working-copy-format" value="1.6" />
  </vcs-root>
  <vcs-root id="3" name="StockTickerMeetsAzure" type="jetbrains.git">
    <scope level="project" project-id="project4" />
    <param name="agentCleanFilesPolicy" value="ALL_UNTRACKED" />
    <param name="agentCleanPolicy" value="ON_BRANCH_CHANGE" />
    <param name="agentGitPath" value="%env.TEAMCITY_GIT_PATH%" />
    <param name="authMethod" value="PASSWORD" />
    <param name="branch" value="master" />
    <param name="ignoreKnownHosts" value="true" />
    <param name="secure:password" value="zxxe7a4cce4404dd6cda262f4f5c5a51f97ede3b5c9a0fa5050" />
    <param name="submoduleCheckout" value="CHECKOUT" />
    <param name="url" value="https://github.com/iappert/StockTickerMeetsAzure.git" />
    <param name="username" value="iappert" />
    <param name="usernameStyle" value="USERID" />
  </vcs-root>
</vcs-roots>

