<?xml version="1.0" encoding="UTF-8"?>
<!DOCTYPE project SYSTEM "../project-config.dtd">

<project id="project2">
  <parameters />
  <build-type id="bt2" name="Build">
    <description />
    <settings>
      <options>
        <option name="cleanBuild" value="true" />
      </options>
      <parameters />
      <build-runners>
        <runner id="RUNNER_1" name="" type="NAnt">
          <parameters>
            <param name="NAntHome" value="tools/NAnt" />
            <param name="build-file-path" value="scripts/StockTicker.build" />
            <param name="dotNetCoverage.NCover.HTMLReport.File.Sort" value="0" />
            <param name="dotNetCoverage.NCover.HTMLReport.File.Type" value="1" />
            <param name="dotNetCoverage.NCover.Reg" value="selected" />
            <param name="dotNetCoverage.NCover.platformBitness" value="x86" />
            <param name="dotNetCoverage.NCover.platformVersion" value="v2.0" />
            <param name="dotNetCoverage.NCover3.Reg" value="selected" />
            <param name="dotNetCoverage.NCover3.args" value="//ias .*" />
            <param name="dotNetCoverage.NCover3.platformBitness" value="x86" />
            <param name="dotNetCoverage.NCover3.platformVersion" value="v2.0" />
            <param name="dotNetCoverage.NCover3.reporter.executable.args" value="//or FullCoverageReport:Html:{teamcity.report.path}" />
            <param name="dotNetCoverage.PartCover.Reg" value="selected" />
            <param name="dotNetCoverage.PartCover.includes" value="[*]*" />
            <param name="dotNetCoverage.PartCover.platformBitness" value="x86" />
            <param name="dotNetCoverage.PartCover.platformVersion" value="v2.0" />
            <param name="runnerArgs" value="integrate" />
            <param name="targetframework" value="net-4.0" />
          </parameters>
        </runner>
      </build-runners>
      <vcs-settings checkout-mode="ON_SERVER" labeling-type="NONE" labeling-pattern="build-%system.build.number%">
        <vcs-entry-ref root-id="1" set-label="false" />
      </vcs-settings>
      <requirements />
      <build-triggers>
        <build-trigger id="vcsTrigger" type="vcsTrigger">
          <parameters>
            <param name="perCheckinTriggering" value="true" />
            <param name="quietPeriod" value="10" />
            <param name="quietPeriodMode" value="DO_NOT_USE" />
          </parameters>
        </build-trigger>
      </build-triggers>
      <cleanup />
    </settings>
  </build-type>
</project>

